OTU;domain;phylum;class;order;family;genus;species
OTU_144;Bacteria;Bacteroidetes;Bacteroidia;Bacteroidales;Bacteroidaceae;Bacteroides;?
OTU_204;Bacteria;Bacteroidetes;Bacteroidia;Bacteroidales;Bacteroidaceae;Bacteroides;?
OTU_211;Bacteria;Firmicutes;Clostridia;Clostridiales;Lachnospiraceae;Blautia;?
OTU_362;Bacteria;Firmicutes;Clostridia;Clostridiales;Ruminococcaceae;Faecalibacterium;?
OTU_149;Bacteria;Bacteroidetes;Bacteroidia;Bacteroidales;Prevotellaceae;Prevotella;?
OTU_220;Bacteria;Bacteroidetes;Bacteroidia;Bacteroidales;Bacteroidaceae;Bacteroides;?
OTU_553;Bacteria;Bacteroidetes;Bacteroidia;Bacteroidales;Bacteroidaceae;Bacteroides;?
OTU_471;Bacteria;Bacteroidetes;Bacteroidia;Bacteroidales;Bacteroidaceae;Bacteroides;?
OTU_395;Bacteria;Bacteroidetes;Bacteroidia;Bacteroidales;Bacteroidaceae;Bacteroides;?
OTU_447;Bacteria;Bacteroidetes;Bacteroidia;Bacteroidales;Bacteroidaceae;Bacteroides;?
OTU_59;Bacteria;Bacteroidetes;Bacteroidia;Bacteroidales;Bacteroidaceae;Bacteroides;?
OTU_6;Bacteria;Bacteroidetes;Bacteroidia;Bacteroidales;Bacteroidaceae;Bacteroides;?
OTU_519;Bacteria;Bacteroidetes;Bacteroidia;Bacteroidales;Porphyromonadaceae;Porphyromonas;?
OTU_180;Bacteria;Firmicutes;Clostridia;Clostridiales;Lachnospiraceae;Clostridium XlVa;?
OTU_485;Bacteria;Bacteroidetes;Bacteroidia;Bacteroidales;Porphyromonadaceae;Parabacteroides;?
OTU_168;Bacteria;Bacteroidetes;Bacteroidia;Bacteroidales;Prevotellaceae;Prevotella;?
OTU_330;Bacteria;Firmicutes;Clostridia;Clostridiales;Lachnospiraceae;Roseburia;?
OTU_536;Bacteria;Firmicutes;Clostridia;Clostridiales;Lachnospiraceae;Blautia;?
OTU_190;Bacteria;Firmicutes;Clostridia;Clostridiales;Ruminococcaceae;Faecalibacterium;?
OTU_134;Bacteria;Bacteroidetes;Bacteroidia;Bacteroidales;Bacteroidaceae;Bacteroides;?
OTU_178;Bacteria;Bacteroidetes;Bacteroidia;Bacteroidales;Porphyromonadaceae;Parabacteroides;?
OTU_393;Bacteria;Firmicutes;Clostridia;Clostridiales;Lachnospiraceae;Blautia;?
OTU_238;Bacteria;Bacteroidetes;Bacteroidia;Bacteroidales;?;?;?
OTU_217;Bacteria;Bacteroidetes;Bacteroidia;Bacteroidales;Porphyromonadaceae;Parabacteroides;?
OTU_319;Bacteria;Bacteroidetes;Bacteroidia;Bacteroidales;Bacteroidaceae;Bacteroides;?
OTU_164;Bacteria;Firmicutes;Clostridia;Clostridiales;Lachnospiraceae;Clostridium XlVa;?
OTU_570;Bacteria;Bacteroidetes;Bacteroidia;Bacteroidales;Prevotellaceae;Prevotella;?
OTU_424;Bacteria;Firmicutes;Clostridia;Clostridiales;Lachnospiraceae;Roseburia;?
OTU_101;Bacteria;Firmicutes;Clostridia;Clostridiales;Lachnospiraceae;?;?
OTU_8;Bacteria;Bacteroidetes;Bacteroidia;Bacteroidales;Bacteroidaceae;Bacteroides;?
OTU_183;Bacteria;Bacteroidetes;Bacteroidia;Bacteroidales;Bacteroidaceae;Bacteroides;?
OTU_463;Bacteria;Firmicutes;Clostridia;Clostridiales;?;?;?
OTU_145;Bacteria;Bacteroidetes;Bacteroidia;Bacteroidales;Bacteroidaceae;Bacteroides;?
OTU_16;Bacteria;Bacteroidetes;Bacteroidia;Bacteroidales;Bacteroidaceae;Bacteroides;?
OTU_15;Bacteria;Firmicutes;Clostridia;Clostridiales;Lachnospiraceae;Blautia;?
OTU_31;Bacteria;Firmicutes;Clostridia;Clostridiales;Lachnospiraceae;Blautia;?
OTU_95;Bacteria;Bacteroidetes;Bacteroidia;Bacteroidales;Bacteroidaceae;Bacteroides;?
OTU_78;Bacteria;Bacteroidetes;Bacteroidia;Bacteroidales;Bacteroidaceae;Bacteroides;?
OTU_582;Bacteria;Firmicutes;Clostridia;Clostridiales;Lachnospiraceae;Lachnospiracea_incertae_sedis;?
OTU_231;Bacteria;Bacteroidetes;Bacteroidia;Bacteroidales;Prevotellaceae;Prevotella;?
OTU_225;Bacteria;Bacteroidetes;Bacteroidia;Bacteroidales;Bacteroidaceae;Bacteroides;?
OTU_227;Bacteria;Bacteroidetes;Bacteroidia;Bacteroidales;Bacteroidaceae;Bacteroides;?
OTU_213;Bacteria;Firmicutes;Clostridia;Clostridiales;Lachnospiraceae;Dorea;?
OTU_258;Bacteria;Firmicutes;Clostridia;Clostridiales;Lachnospiraceae;Coprococcus;?
OTU_273;Bacteria;Bacteroidetes;Bacteroidia;Bacteroidales;Bacteroidaceae;Bacteroides;?
OTU_263;Bacteria;Bacteroidetes;Bacteroidia;Bacteroidales;Porphyromonadaceae;Parabacteroides;?
OTU_402;Bacteria;Firmicutes;Clostridia;Clostridiales;Lachnospiraceae;Anaerostipes;?
OTU_55;Bacteria;Bacteroidetes;Bacteroidia;Bacteroidales;Prevotellaceae;Prevotella;?
OTU_453;Bacteria;Bacteroidetes;Bacteroidia;Bacteroidales;Porphyromonadaceae;Parabacteroides;?
OTU_223;Bacteria;Firmicutes;Clostridia;Clostridiales;Lachnospiraceae;Anaerostipes;?
OTU_408;Bacteria;Firmicutes;Clostridia;Clostridiales;Lachnospiraceae;?;?
OTU_74;Bacteria;Bacteroidetes;Bacteroidia;Bacteroidales;Porphyromonadaceae;Parabacteroides;?
OTU_236;Bacteria;Bacteroidetes;Bacteroidia;Bacteroidales;Bacteroidaceae;Bacteroides;?
OTU_388;Bacteria;Firmicutes;Clostridia;Clostridiales;Ruminococcaceae;?;?
OTU_2;Bacteria;Bacteroidetes;Bacteroidia;Bacteroidales;Porphyromonadaceae;Parabacteroides;?
OTU_371;Bacteria;Firmicutes;Clostridia;Clostridiales;Lachnospiraceae;?;?
OTU_458;Bacteria;Firmicutes;Clostridia;Clostridiales;Peptostreptococcaceae;Peptostreptococcus;?
OTU_505;Bacteria;Firmicutes;Clostridia;Clostridiales;Lachnospiraceae;Dorea;?
OTU_351;Bacteria;Bacteroidetes;Bacteroidia;Bacteroidales;Rikenellaceae;Alistipes;?
OTU_561;Bacteria;Bacteroidetes;Bacteroidia;Bacteroidales;Bacteroidaceae;Bacteroides;?
OTU_534;Bacteria;Firmicutes;Clostridia;Clostridiales;Lachnospiraceae;Roseburia;?
OTU_305;Bacteria;Firmicutes;Clostridia;Clostridiales;Lachnospiraceae;?;?
OTU_284;Bacteria;Firmicutes;Clostridia;Clostridiales;?;?;?
OTU_126;Bacteria;Firmicutes;Clostridia;Clostridiales;Lachnospiraceae;?;?
OTU_130;Bacteria;Bacteroidetes;Bacteroidia;Bacteroidales;Bacteroidaceae;Bacteroides;?
OTU_378;Bacteria;Firmicutes;Clostridia;Clostridiales;?;?;?
OTU_460;Bacteria;Bacteroidetes;Bacteroidia;Bacteroidales;Bacteroidaceae;Bacteroides;?
OTU_391;Bacteria;Firmicutes;Clostridia;Clostridiales;?;?;?
OTU_0;Bacteria;Firmicutes;Clostridia;Clostridiales;Lachnospiraceae;Dorea;?
OTU_5;Bacteria;Bacteroidetes;Bacteroidia;Bacteroidales;Bacteroidaceae;Bacteroides;?
OTU_23;Bacteria;Bacteroidetes;Bacteroidia;Bacteroidales;Bacteroidaceae;Bacteroides;?
OTU_19;Bacteria;Bacteroidetes;Bacteroidia;Bacteroidales;Bacteroidaceae;Bacteroides;?
OTU_222;Bacteria;Bacteroidetes;Bacteroidia;Bacteroidales;Porphyromonadaceae;Parabacteroides;?
OTU_240;Bacteria;Bacteroidetes;Bacteroidia;Bacteroidales;Prevotellaceae;Paraprevotella;?
OTU_276;Bacteria;Proteobacteria;Alphaproteobacteria;?;?;?;?
OTU_489;Bacteria;?;?;?;?;?;?
OTU_366;Bacteria;Proteobacteria;Alphaproteobacteria;Rhizobiales;Hyphomicrobiaceae;Gemmiger;?
OTU_200;Bacteria;Bacteroidetes;Bacteroidia;Bacteroidales;Bacteroidaceae;Bacteroides;?
OTU_210;Bacteria;Firmicutes;Clostridia;Clostridiales;Lachnospiraceae;Blautia;?
OTU_77;Bacteria;Firmicutes;Clostridia;Clostridiales;Lachnospiraceae;?;?
OTU_365;Bacteria;Firmicutes;Clostridia;Clostridiales;Lachnospiraceae;Lachnospiracea_incertae_sedis;?
OTU_45;Bacteria;Bacteroidetes;Bacteroidia;Bacteroidales;Bacteroidaceae;Bacteroides;?
OTU_47;Bacteria;Firmicutes;Clostridia;Clostridiales;Ruminococcaceae;Faecalibacterium;?
OTU_512;Bacteria;Firmicutes;Clostridia;Clostridiales;Lachnospiraceae;Coprococcus;?
OTU_337;Bacteria;Bacteroidetes;Bacteroidia;Bacteroidales;Rikenellaceae;Alistipes;?
OTU_22;Bacteria;Bacteroidetes;Bacteroidia;Bacteroidales;Bacteroidaceae;Bacteroides;?
OTU_573;Bacteria;Proteobacteria;Deltaproteobacteria;Desulfovibrionales;Desulfovibrionaceae;Desulfovibrio;?
OTU_157;Bacteria;Bacteroidetes;Bacteroidia;Bacteroidales;Bacteroidaceae;Bacteroides;?
OTU_162;Bacteria;Bacteroidetes;Bacteroidia;Bacteroidales;Bacteroidaceae;Bacteroides;?
OTU_531;Bacteria;Firmicutes;Clostridia;Clostridiales;Lachnospiraceae;?;?
OTU_524;Bacteria;Firmicutes;Clostridia;Clostridiales;Lachnospiraceae;?;?
OTU_288;Bacteria;Bacteroidetes;Bacteroidia;Bacteroidales;Prevotellaceae;Prevotella;?
OTU_135;Bacteria;Bacteroidetes;Bacteroidia;Bacteroidales;Prevotellaceae;Prevotella;?
OTU_60;Bacteria;Firmicutes;Clostridia;Clostridiales;Lachnospiraceae;?;?
OTU_514;Bacteria;Bacteroidetes;Bacteroidia;Bacteroidales;Porphyromonadaceae;Parabacteroides;?
OTU_497;Bacteria;Firmicutes;Clostridia;Clostridiales;Ruminococcaceae;?;?
OTU_496;Bacteria;Bacteroidetes;Bacteroidia;Bacteroidales;Porphyromonadaceae;Porphyromonas;?
OTU_473;Bacteria;Firmicutes;Clostridia;Clostridiales;Lachnospiraceae;Lachnospiracea_incertae_sedis;?
OTU_51;Bacteria;Bacteroidetes;Bacteroidia;Bacteroidales;Bacteroidaceae;Bacteroides;?
OTU_66;Bacteria;Bacteroidetes;Bacteroidia;Bacteroidales;Bacteroidaceae;Bacteroides;?
OTU_472;Bacteria;Firmicutes;Clostridia;Clostridiales;Lachnospiraceae;?;?
OTU_503;Bacteria;Proteobacteria;Alphaproteobacteria;Rhizobiales;Hyphomicrobiaceae;Gemmiger;?
OTU_320;Bacteria;Bacteroidetes;Bacteroidia;Bacteroidales;Bacteroidaceae;Bacteroides;?
OTU_515;Bacteria;Firmicutes;Clostridia;Clostridiales;Lachnospiraceae;Lachnospiracea_incertae_sedis;?
OTU_84;Bacteria;Bacteroidetes;Bacteroidia;Bacteroidales;Bacteroidaceae;Bacteroides;?
OTU_418;Bacteria;Firmicutes;Clostridia;Clostridiales;Lachnospiraceae;?;?
OTU_245;Bacteria;Bacteroidetes;Bacteroidia;Bacteroidales;Bacteroidaceae;Bacteroides;?
OTU_428;Bacteria;Firmicutes;Clostridia;Clostridiales;?;?;?
OTU_325;Bacteria;Firmicutes;Clostridia;Clostridiales;?;?;?
OTU_587;Bacteria;Firmicutes;Clostridia;Clostridiales;Lachnospiraceae;Lachnospiracea_incertae_sedis;?
OTU_185;Bacteria;Firmicutes;Clostridia;Clostridiales;Lachnospiraceae;?;?
OTU_304;Bacteria;Proteobacteria;Deltaproteobacteria;?;?;?;?
OTU_346;Bacteria;Firmicutes;Clostridia;Clostridiales;?;?;?
OTU_25;Bacteria;Bacteroidetes;Bacteroidia;Bacteroidales;Bacteroidaceae;Bacteroides;?
OTU_565;Bacteria;Firmicutes;Negativicutes;Selenomonadales;Veillonellaceae;Mitsuokella;?
OTU_491;Bacteria;Bacteroidetes;Bacteroidia;Bacteroidales;Bacteroidaceae;Bacteroides;?
OTU_268;Bacteria;Bacteroidetes;Bacteroidia;Bacteroidales;Rikenellaceae;?;?
OTU_96;Bacteria;Firmicutes;Clostridia;Clostridiales;Lachnospiraceae;Blautia;?
OTU_387;Bacteria;Bacteroidetes;?;?;?;?;?
OTU_474;Bacteria;Bacteroidetes;Bacteroidia;Bacteroidales;Bacteroidaceae;Bacteroides;?
OTU_156;Bacteria;Firmicutes;Clostridia;Clostridiales;Lachnospiraceae;Anaerostipes;?
OTU_111;Bacteria;Firmicutes;Clostridia;Clostridiales;Ruminococcaceae;Faecalibacterium;?
OTU_206;Bacteria;Bacteroidetes;Bacteroidia;Bacteroidales;Porphyromonadaceae;Parabacteroides;?
OTU_39;Bacteria;Bacteroidetes;Bacteroidia;Bacteroidales;Prevotellaceae;Prevotella;?
OTU_541;Bacteria;Firmicutes;Clostridia;Clostridiales;Ruminococcaceae;?;?
OTU_272;Bacteria;Bacteroidetes;Bacteroidia;Bacteroidales;Porphyromonadaceae;Parabacteroides;?
OTU_86;Bacteria;Firmicutes;Negativicutes;Selenomonadales;Veillonellaceae;Megamonas;?
OTU_396;Bacteria;Firmicutes;Clostridia;?;?;?;?
OTU_300;Bacteria;Firmicutes;Clostridia;Clostridiales;Lachnospiraceae;?;?
OTU_46;Bacteria;Bacteroidetes;Bacteroidia;Bacteroidales;Prevotellaceae;Prevotella;?
OTU_151;Bacteria;Firmicutes;Negativicutes;Selenomonadales;Acidaminococcaceae;Phascolarctobacterium;?
OTU_283;Bacteria;Firmicutes;Clostridia;Clostridiales;Lachnospiraceae;?;?
OTU_255;Bacteria;Bacteroidetes;Bacteroidia;Bacteroidales;Porphyromonadaceae;Odoribacter;?
OTU_440;Bacteria;Firmicutes;Clostridia;Clostridiales;Lachnospiraceae;?;?
OTU_353;Bacteria;Firmicutes;Clostridia;Clostridiales;Lachnospiraceae;?;?
OTU_417;Bacteria;Firmicutes;Clostridia;Clostridiales;Lachnospiraceae;Lachnospiracea_incertae_sedis;?
OTU_477;Bacteria;Proteobacteria;?;?;?;?;?
OTU_41;Bacteria;Bacteroidetes;Bacteroidia;Bacteroidales;Prevotellaceae;Prevotella;?
OTU_334;Bacteria;Firmicutes;Clostridia;Clostridiales;Lachnospiraceae;Clostridium XlVb;?
OTU_494;Bacteria;Firmicutes;Clostridia;Clostridiales;Ruminococcaceae;?;?
OTU_558;Bacteria;Firmicutes;Clostridia;Clostridiales;Ruminococcaceae;?;?
OTU_289;Bacteria;Bacteroidetes;Bacteroidia;Bacteroidales;?;?;?
OTU_340;Bacteria;Firmicutes;Clostridia;Clostridiales;Lachnospiraceae;?;?
OTU_265;Bacteria;?;?;?;?;?;?
OTU_303;Bacteria;Bacteroidetes;Bacteroidia;Bacteroidales;Rikenellaceae;Alistipes;?
OTU_278;Bacteria;Firmicutes;Clostridia;Clostridiales;?;?;?
OTU_165;Bacteria;Bacteroidetes;Bacteroidia;Bacteroidales;Prevotellaceae;Prevotella;?
OTU_196;Bacteria;Firmicutes;Negativicutes;Selenomonadales;Veillonellaceae;Mitsuokella;?
OTU_426;Bacteria;Bacteroidetes;Bacteroidia;Bacteroidales;Rikenellaceae;Alistipes;?
OTU_120;Bacteria;Bacteroidetes;Bacteroidia;Bacteroidales;Bacteroidaceae;Bacteroides;?
OTU_160;Bacteria;Firmicutes;Clostridia;Clostridiales;Lachnospiraceae;?;?
OTU_411;Bacteria;Bacteroidetes;Bacteroidia;Bacteroidales;Rikenellaceae;Alistipes;?
OTU_214;Bacteria;Firmicutes;Clostridia;Clostridiales;Lachnospiraceae;?;?
OTU_264;Bacteria;?;?;?;?;?;?
OTU_439;Bacteria;Bacteroidetes;Bacteroidia;Bacteroidales;Bacteroidaceae;Bacteroides;?
OTU_147;Bacteria;Firmicutes;Clostridia;Clostridiales;Lachnospiraceae;Roseburia;?
OTU_212;Bacteria;Firmicutes;Negativicutes;Selenomonadales;Veillonellaceae;Dialister;?
OTU_436;Bacteria;Firmicutes;Clostridia;Clostridiales;Lachnospiraceae;?;?
OTU_175;Bacteria;Firmicutes;Clostridia;Clostridiales;Lachnospiraceae;Lachnospiracea_incertae_sedis;?
OTU_479;Bacteria;Firmicutes;Clostridia;Clostridiales;Ruminococcaceae;Ruminococcus;?
OTU_141;Bacteria;Bacteroidetes;Bacteroidia;Bacteroidales;Porphyromonadaceae;Parabacteroides;?
OTU_292;Bacteria;Firmicutes;Clostridia;Clostridiales;Lachnospiraceae;Clostridium XlVa;?
OTU_132;Bacteria;Firmicutes;Clostridia;Clostridiales;Lachnospiraceae;Lachnospiracea_incertae_sedis;?
OTU_36;Bacteria;Firmicutes;Clostridia;Clostridiales;Lachnospiraceae;?;?
OTU_467;Bacteria;Firmicutes;Clostridia;Clostridiales;Ruminococcaceae;Ruminococcus;?
OTU_241;Bacteria;Firmicutes;Clostridia;Clostridiales;Ruminococcaceae;?;?
OTU_405;Bacteria;Firmicutes;Clostridia;Clostridiales;Ruminococcaceae;Faecalibacterium;?
OTU_88;Bacteria;Bacteroidetes;Bacteroidia;Bacteroidales;Bacteroidaceae;Bacteroides;?
OTU_221;Bacteria;Proteobacteria;Betaproteobacteria;Burkholderiales;Sutterellaceae;Parasutterella;?
OTU_554;Archaea;Euryarchaeota;?;?;?;?;?
OTU_194;Bacteria;Bacteroidetes;Bacteroidia;Bacteroidales;Bacteroidaceae;Bacteroides;?
OTU_136;Bacteria;Bacteroidetes;Bacteroidia;Bacteroidales;Rikenellaceae;Alistipes;?
OTU_500;Bacteria;?;?;?;?;?;?
OTU_331;Bacteria;Firmicutes;Clostridia;Clostridiales;Lachnospiraceae;Blautia;?
OTU_208;Bacteria;Bacteroidetes;Bacteroidia;Bacteroidales;Porphyromonadaceae;Barnesiella;?
OTU_121;Bacteria;Firmicutes;Negativicutes;Selenomonadales;Veillonellaceae;Mitsuokella;?
OTU_34;Bacteria;Bacteroidetes;Bacteroidia;Bacteroidales;Prevotellaceae;Paraprevotella;?
OTU_73;Bacteria;Bacteroidetes;Bacteroidia;Bacteroidales;Bacteroidaceae;Bacteroides;?
OTU_90;Bacteria;Firmicutes;Clostridia;Clostridiales;Lachnospiraceae;?;?
OTU_309;Bacteria;Bacteroidetes;Bacteroidia;Bacteroidales;Rikenellaceae;Alistipes;?
OTU_375;Bacteria;Firmicutes;Clostridia;Clostridiales;Ruminococcaceae;Ruminococcus;?
OTU_97;Bacteria;Firmicutes;Clostridia;Clostridiales;Lachnospiraceae;Anaerostipes;?
OTU_83;Bacteria;Firmicutes;Bacilli;Lactobacillales;Enterococcaceae;Enterococcus;?
OTU_299;Bacteria;Firmicutes;Clostridia;Clostridiales;Lachnospiraceae;?;?
OTU_407;Bacteria;Proteobacteria;Deltaproteobacteria;?;?;?;?
OTU_433;Bacteria;Firmicutes;Clostridia;Clostridiales;Ruminococcaceae;Ruminococcus;?
OTU_552;Bacteria;Bacteroidetes;Bacteroidia;Bacteroidales;Porphyromonadaceae;Barnesiella;?
OTU_100;Bacteria;Bacteroidetes;Bacteroidia;Bacteroidales;Bacteroidaceae;Bacteroides;?
OTU_129;Bacteria;Firmicutes;Clostridia;Clostridiales;Lachnospiraceae;?;?
OTU_38;Bacteria;Bacteroidetes;Bacteroidia;Bacteroidales;Bacteroidaceae;Bacteroides;?
OTU_140;Bacteria;Firmicutes;Clostridia;Clostridiales;Ruminococcaceae;Butyricicoccus;?
OTU_174;Bacteria;Firmicutes;Clostridia;Clostridiales;Lachnospiraceae;?;?
OTU_350;Bacteria;Firmicutes;Bacilli;Bacillales;Bacillales_Incertae Sedis XI;Gemella;?
OTU_422;Bacteria;Firmicutes;Clostridia;Clostridiales;Lachnospiraceae;Coprococcus;?
OTU_464;Bacteria;Bacteroidetes;Bacteroidia;Bacteroidales;Porphyromonadaceae;Odoribacter;?
OTU_117;Bacteria;Firmicutes;Clostridia;Clostridiales;Lachnospiraceae;Clostridium XlVa;?
OTU_110;Bacteria;Bacteroidetes;Bacteroidia;Bacteroidales;Bacteroidaceae;Bacteroides;?
OTU_189;Bacteria;Bacteroidetes;Bacteroidia;Bacteroidales;Rikenellaceae;Alistipes;?
OTU_293;Bacteria;Bacteroidetes;Bacteroidia;Bacteroidales;Prevotellaceae;Prevotella;?
OTU_323;Bacteria;Firmicutes;Clostridia;Clostridiales;Clostridiaceae 1;Clostridium sensu stricto;?
OTU_492;Bacteria;Actinobacteria;Actinobacteria;Bifidobacteriales;Bifidobacteriaceae;Bifidobacterium;?
OTU_537;Bacteria;Firmicutes;Clostridia;Clostridiales;Ruminococcaceae;Oscillibacter;?
OTU_480;Bacteria;Firmicutes;Negativicutes;Selenomonadales;Veillonellaceae;Mitsuokella;?
OTU_451;Bacteria;Firmicutes;Clostridia;Clostridiales;Lachnospiraceae;?;?
OTU_192;Bacteria;Bacteroidetes;Bacteroidia;Bacteroidales;Rikenellaceae;Alistipes;?
OTU_588;Bacteria;Firmicutes;Clostridia;Clostridiales;Lachnospiraceae;Lachnospiracea_incertae_sedis;?
OTU_296;Bacteria;Firmicutes;Clostridia;Clostridiales;Lachnospiraceae;?;?
OTU_150;Bacteria;Bacteroidetes;Bacteroidia;Bacteroidales;Porphyromonadaceae;Odoribacter;?
OTU_70;Bacteria;Bacteroidetes;Bacteroidia;Bacteroidales;Prevotellaceae;Prevotella;?
OTU_382;Bacteria;Actinobacteria;Actinobacteria;Coriobacteriales;Coriobacteriaceae;?;?
OTU_313;Bacteria;Firmicutes;Clostridia;Clostridiales;Lachnospiraceae;?;?
OTU_486;Bacteria;Proteobacteria;Deltaproteobacteria;Desulfovibrionales;Desulfovibrionaceae;?;?
OTU_87;Bacteria;Bacteroidetes;Bacteroidia;Bacteroidales;Prevotellaceae;Paraprevotella;?
OTU_568;Bacteria;Fusobacteria;Fusobacteria;Fusobacteriales;Fusobacteriaceae;Fusobacterium;?
OTU_507;Bacteria;Firmicutes;Clostridia;Clostridiales;Lachnospiraceae;?;?
OTU_143;Bacteria;Firmicutes;Clostridia;Clostridiales;Lachnospiraceae;Blautia;?
OTU_577;Bacteria;Firmicutes;Clostridia;Clostridiales;Lachnospiraceae;Lachnospiracea_incertae_sedis;?
OTU_437;Bacteria;Firmicutes;Clostridia;Clostridiales;?;?;?
OTU_404;Bacteria;Firmicutes;Negativicutes;Selenomonadales;Veillonellaceae;Dialister;?
OTU_91;Bacteria;Firmicutes;Clostridia;Clostridiales;Ruminococcaceae;Oscillibacter;?
OTU_171;Bacteria;Proteobacteria;?;?;?;?;?
OTU_105;Bacteria;Firmicutes;Clostridia;Clostridiales;Lachnospiraceae;?;?
OTU_454;Bacteria;Firmicutes;Clostridia;Clostridiales;Peptococcaceae 1;Peptococcus;?
OTU_89;Bacteria;Firmicutes;Clostridia;Clostridiales;Lachnospiraceae;?;?
OTU_425;Bacteria;Firmicutes;Clostridia;Clostridiales;Lachnospiraceae;?;?
OTU_247;Bacteria;Firmicutes;Clostridia;Clostridiales;?;?;?
OTU_119;Bacteria;Bacteroidetes;Bacteroidia;Bacteroidales;Bacteroidaceae;Bacteroides;?
OTU_11;Bacteria;Firmicutes;Clostridia;Clostridiales;Lachnospiraceae;Blautia;?
OTU_81;Bacteria;Firmicutes;Clostridia;Clostridiales;Lachnospiraceae;?;?
OTU_68;Bacteria;?;?;?;?;?;?
OTU_82;Bacteria;Bacteroidetes;Bacteroidia;Bacteroidales;Bacteroidaceae;Bacteroides;?
OTU_269;Bacteria;Firmicutes;Clostridia;Clostridiales;Ruminococcaceae;Flavonifractor;?
OTU_33;Bacteria;Bacteroidetes;Bacteroidia;Bacteroidales;Porphyromonadaceae;Parabacteroides;?
OTU_381;Bacteria;Firmicutes;Clostridia;Clostridiales;Lachnospiraceae;?;?
OTU_341;Bacteria;Bacteroidetes;Bacteroidia;Bacteroidales;?;?;?
OTU_163;Bacteria;Firmicutes;Clostridia;Clostridiales;Lachnospiraceae;?;?
OTU_50;Bacteria;Firmicutes;Clostridia;Clostridiales;Lachnospiraceae;Blautia;?
OTU_232;Bacteria;Firmicutes;Clostridia;Clostridiales;Lachnospiraceae;?;?
OTU_224;Bacteria;Firmicutes;Clostridia;Clostridiales;Lachnospiraceae;?;?
OTU_370;Bacteria;Bacteroidetes;Bacteroidia;Bacteroidales;Bacteroidaceae;Bacteroides;?
OTU_525;Bacteria;Firmicutes;Clostridia;Clostridiales;Lachnospiraceae;?;?
OTU_172;Bacteria;Firmicutes;Clostridia;Clostridiales;Lachnospiraceae;?;?
OTU_173;Bacteria;Firmicutes;?;?;?;?;?
OTU_153;Bacteria;Bacteroidetes;Bacteroidia;Bacteroidales;Porphyromonadaceae;Parabacteroides;?
OTU_406;Bacteria;Firmicutes;?;?;?;?;?
OTU_324;Bacteria;Bacteroidetes;Bacteroidia;Bacteroidales;Bacteroidaceae;Bacteroides;?
OTU_115;Bacteria;Firmicutes;Clostridia;Clostridiales;Lachnospiraceae;Clostridium XlVa;?
OTU_520;Bacteria;Firmicutes;Bacilli;Lactobacillales;Lactobacillaceae;Lactobacillus;?
OTU_506;Bacteria;Actinobacteria;Actinobacteria;Bifidobacteriales;Bifidobacteriaceae;Bifidobacterium;?
OTU_414;Bacteria;Firmicutes;Clostridia;Clostridiales;Peptostreptococcaceae;Clostridium XI;?
OTU_198;Bacteria;Firmicutes;Clostridia;Clostridiales;Lachnospiraceae;Anaerostipes;?
OTU_107;Bacteria;Firmicutes;Clostridia;Clostridiales;Lachnospiraceae;Clostridium XlVa;?
OTU_556;Bacteria;Firmicutes;Clostridia;Clostridiales;Ruminococcaceae;Faecalibacterium;?
OTU_542;Bacteria;?;?;?;?;?;?
OTU_508;Bacteria;Firmicutes;Bacilli;Lactobacillales;Streptococcaceae;Streptococcus;?
OTU_413;Bacteria;Bacteroidetes;Bacteroidia;Bacteroidales;Bacteroidaceae;Bacteroides;?
OTU_170;Bacteria;Firmicutes;Clostridia;Clostridiales;Lachnospiraceae;?;?
OTU_430;Bacteria;Proteobacteria;Gammaproteobacteria;?;?;?;?
OTU_187;Bacteria;?;?;?;?;?;?
OTU_275;Bacteria;Firmicutes;Clostridia;Clostridiales;Ruminococcaceae;Clostridium IV;?
OTU_581;Bacteria;Bacteroidetes;Bacteroidia;Bacteroidales;Bacteroidaceae;Bacteroides;?
OTU_17;Bacteria;Firmicutes;Negativicutes;Selenomonadales;Veillonellaceae;Megamonas;?
OTU_182;Bacteria;Firmicutes;Negativicutes;Selenomonadales;Acidaminococcaceae;Phascolarctobacterium;?
OTU_373;Bacteria;Firmicutes;Clostridia;Clostridiales;Ruminococcaceae;?;?
OTU_550;Bacteria;Firmicutes;Clostridia;Clostridiales;?;?;?
OTU_390;Bacteria;Bacteroidetes;Bacteroidia;Bacteroidales;Prevotellaceae;Prevotella;?
OTU_216;Bacteria;Firmicutes;Clostridia;Clostridiales;Lachnospiraceae;Dorea;?
OTU_311;Bacteria;Firmicutes;Clostridia;Clostridiales;Ruminococcaceae;?;?
OTU_127;Bacteria;Proteobacteria;Alphaproteobacteria;?;?;?;?
OTU_513;Bacteria;Firmicutes;Clostridia;Clostridiales;Clostridiales_Incertae Sedis XIII;Mogibacterium;?
OTU_376;Bacteria;Firmicutes;Clostridia;Clostridiales;Ruminococcaceae;?;?
OTU_533;Bacteria;Bacteroidetes;Bacteroidia;Bacteroidales;Rikenellaceae;Alistipes;?
OTU_543;Bacteria;Firmicutes;Clostridia;Clostridiales;Ruminococcaceae;?;?
OTU_583;Bacteria;Firmicutes;Clostridia;Clostridiales;Ruminococcaceae;Faecalibacterium;?
OTU_64;Bacteria;Firmicutes;Erysipelotrichia;Erysipelotrichales;Erysipelotrichaceae;?;?
OTU_254;Bacteria;Firmicutes;Clostridia;Clostridiales;Ruminococcaceae;?;?
OTU_416;Bacteria;Firmicutes;Clostridia;Clostridiales;Lachnospiraceae;?;?
OTU_368;Bacteria;Firmicutes;Clostridia;Clostridiales;Ruminococcaceae;?;?
OTU_277;Bacteria;Bacteroidetes;Bacteroidia;Bacteroidales;Porphyromonadaceae;Parabacteroides;?
OTU_1;Bacteria;Bacteroidetes;Bacteroidia;Bacteroidales;Prevotellaceae;Prevotella;?
OTU_530;Bacteria;Firmicutes;Clostridia;Clostridiales;Lachnospiraceae;Clostridium XlVb;?
OTU_28;Bacteria;Bacteroidetes;Bacteroidia;Bacteroidales;Bacteroidaceae;Bacteroides;?
OTU_432;Bacteria;Firmicutes;Clostridia;Clostridiales;Lachnospiraceae;Anaerostipes;?
OTU_131;Bacteria;Firmicutes;Clostridia;Clostridiales;Lachnospiraceae;?;?
OTU_228;Bacteria;Bacteroidetes;Bacteroidia;Bacteroidales;Rikenellaceae;Alistipes;?
OTU_257;Bacteria;Bacteroidetes;Bacteroidia;Bacteroidales;Rikenellaceae;Alistipes;?
OTU_466;Bacteria;Bacteroidetes;Bacteroidia;Bacteroidales;Porphyromonadaceae;Butyricimonas;?
OTU_516;Bacteria;Firmicutes;Clostridia;Clostridiales;?;?;?
OTU_314;Bacteria;Firmicutes;Clostridia;Clostridiales;Lachnospiraceae;?;?
OTU_191;Bacteria;Bacteroidetes;Bacteroidia;Bacteroidales;Porphyromonadaceae;Butyricimonas;?
OTU_409;Bacteria;Bacteroidetes;Bacteroidia;Bacteroidales;?;?;?
OTU_538;Bacteria;?;?;?;?;?;?
OTU_230;Bacteria;Firmicutes;Clostridia;Clostridiales;Ruminococcaceae;Faecalibacterium;?
OTU_363;Bacteria;Firmicutes;Clostridia;Clostridiales;Lachnospiraceae;?;?
OTU_181;Bacteria;Firmicutes;Clostridia;Clostridiales;Lachnospiraceae;?;?
OTU_302;Bacteria;Firmicutes;Erysipelotrichia;Erysipelotrichales;Erysipelotrichaceae;?;?
OTU_24;Bacteria;Firmicutes;Clostridia;Clostridiales;Lachnospiraceae;Dorea;?
OTU_3;Bacteria;Bacteroidetes;Bacteroidia;Bacteroidales;Bacteroidaceae;Bacteroides;?
OTU_138;Bacteria;Proteobacteria;Gammaproteobacteria;Enterobacteriales;Enterobacteriaceae;Escherichia/Shigella;?
OTU_80;Bacteria;Bacteroidetes;Flavobacteria;Flavobacteriales;?;?;?
OTU_294;Bacteria;Firmicutes;Clostridia;Clostridiales;Ruminococcaceae;?;?
OTU_356;Bacteria;Firmicutes;Clostridia;Clostridiales;Ruminococcaceae;Ruminococcus;?
OTU_469;Bacteria;Firmicutes;Clostridia;Clostridiales;?;?;?
OTU_354;Bacteria;Bacteroidetes;Bacteroidia;Bacteroidales;Bacteroidaceae;Bacteroides;?
OTU_526;Bacteria;Firmicutes;Clostridia;Clostridiales;Ruminococcaceae;?;?
OTU_364;Bacteria;Bacteroidetes;Bacteroidia;Bacteroidales;Porphyromonadaceae;Parabacteroides;?
OTU_569;Bacteria;Firmicutes;Clostridia;Clostridiales;Eubacteriaceae;Eubacterium;?
OTU_403;Bacteria;Firmicutes;Clostridia;Clostridiales;Clostridiales_Incertae Sedis XI;Parvimonas;?
OTU_239;Bacteria;Firmicutes;Clostridia;Clostridiales;Eubacteriaceae;Eubacterium;?
OTU_465;Bacteria;Bacteroidetes;?;?;?;?;?
OTU_186;Bacteria;Firmicutes;Clostridia;Clostridiales;Ruminococcaceae;Butyricicoccus;?
OTU_205;Bacteria;Firmicutes;Clostridia;Clostridiales;Lachnospiraceae;?;?
OTU_207;Bacteria;Bacteroidetes;Bacteroidia;Bacteroidales;Prevotellaceae;Prevotella;?
OTU_482;Bacteria;Firmicutes;Clostridia;Clostridiales;Ruminococcaceae;?;?
OTU_517;Bacteria;Firmicutes;Clostridia;Clostridiales;Ruminococcaceae;?;?
OTU_522;Bacteria;Firmicutes;Clostridia;Clostridiales;Lachnospiraceae;?;?
OTU_62;Bacteria;Firmicutes;Clostridia;Clostridiales;Lachnospiraceae;Anaerostipes;?
OTU_108;Bacteria;Bacteroidetes;Bacteroidia;Bacteroidales;Porphyromonadaceae;Parabacteroides;?
OTU_532;Bacteria;Firmicutes;Clostridia;Clostridiales;Ruminococcaceae;?;?
OTU_384;Bacteria;Firmicutes;Clostridia;Clostridiales;Lachnospiraceae;?;?
OTU_61;Bacteria;Bacteroidetes;Bacteroidia;Bacteroidales;Bacteroidaceae;Bacteroides;?
OTU_201;Bacteria;?;?;?;?;?;?
OTU_69;Bacteria;Firmicutes;Clostridia;Clostridiales;Lachnospiraceae;Dorea;?
OTU_423;Bacteria;?;?;?;?;?;?
OTU_398;Bacteria;Firmicutes;Clostridia;Clostridiales;?;?;?
OTU_498;Bacteria;Firmicutes;Clostridia;Clostridiales;?;?;?
OTU_367;Bacteria;Bacteroidetes;?;?;?;?;?
OTU_279;Bacteria;Firmicutes;Clostridia;Clostridiales;Ruminococcaceae;Butyricicoccus;?
OTU_535;Bacteria;Firmicutes;Clostridia;Clostridiales;Lachnospiraceae;?;?
OTU_484;Bacteria;Bacteroidetes;?;?;?;?;?
OTU_546;Bacteria;Firmicutes;Clostridia;Clostridiales;?;?;?
OTU_579;Bacteria;Firmicutes;Clostridia;Clostridiales;Lachnospiraceae;?;?
OTU_576;Bacteria;Proteobacteria;Alphaproteobacteria;Rhizobiales;Hyphomicrobiaceae;Gemmiger;?
OTU_12;Bacteria;Firmicutes;Clostridia;Clostridiales;Ruminococcaceae;?;?
OTU_30;Bacteria;Bacteroidetes;Bacteroidia;Bacteroidales;Bacteroidaceae;Bacteroides;?
OTU_40;Bacteria;Bacteroidetes;Bacteroidia;Bacteroidales;Prevotellaceae;Prevotella;?
OTU_419;Bacteria;Firmicutes;Clostridia;Clostridiales;Lachnospiraceae;Blautia;?
OTU_253;Bacteria;Firmicutes;Clostridia;Clostridiales;Ruminococcaceae;Oscillibacter;?
OTU_475;Bacteria;Bacteroidetes;Bacteroidia;Bacteroidales;Bacteroidaceae;Bacteroides;?
OTU_355;Bacteria;Firmicutes;Clostridia;Clostridiales;?;?;?
OTU_575;Bacteria;Firmicutes;Clostridia;Clostridiales;Lachnospiraceae;Roseburia;?
OTU_316;Bacteria;Firmicutes;Bacilli;Lactobacillales;Carnobacteriaceae;Granulicatella;?
OTU_574;Bacteria;Firmicutes;Clostridia;Clostridiales;Lachnospiraceae;Roseburia;?
OTU_271;Bacteria;Bacteroidetes;Bacteroidia;Bacteroidales;Bacteroidaceae;Bacteroides;?
OTU_133;Bacteria;Actinobacteria;Actinobacteria;Coriobacteriales;Coriobacteriaceae;?;?
OTU_26;Bacteria;?;?;?;?;?;?
OTU_93;Bacteria;Bacteroidetes;Bacteroidia;Bacteroidales;Bacteroidaceae;Bacteroides;?
OTU_528;Bacteria;Firmicutes;Clostridia;Clostridiales;Lachnospiraceae;?;?
OTU_209;Bacteria;Proteobacteria;Deltaproteobacteria;Desulfovibrionales;Desulfovibrionaceae;Bilophila;?
OTU_226;Bacteria;Firmicutes;Clostridia;Clostridiales;Lachnospiraceae;Roseburia;?
OTU_233;Bacteria;Firmicutes;Bacilli;Lactobacillales;Enterococcaceae;Enterococcus;?
OTU_360;Bacteria;Firmicutes;Clostridia;Clostridiales;Lachnospiraceae;?;?
OTU_203;Bacteria;?;?;?;?;?;?
OTU_397;Bacteria;Firmicutes;Bacilli;Lactobacillales;Streptococcaceae;Streptococcus;?
OTU_167;Bacteria;Bacteroidetes;Bacteroidia;Bacteroidales;Porphyromonadaceae;Butyricimonas;?
OTU_431;Bacteria;Bacteroidetes;Bacteroidia;Bacteroidales;Bacteroidaceae;Bacteroides;?
OTU_312;Bacteria;Bacteroidetes;Bacteroidia;Bacteroidales;Prevotellaceae;Prevotella;?
OTU_358;Bacteria;Firmicutes;Clostridia;Clostridiales;Ruminococcaceae;Butyricicoccus;?
OTU_549;Bacteria;Proteobacteria;Deltaproteobacteria;Desulfobacterales;Desulfobacteraceae;?;?
OTU_53;Bacteria;Bacteroidetes;Bacteroidia;Bacteroidales;Porphyromonadaceae;Parabacteroides;?
OTU_282;Bacteria;Bacteroidetes;Bacteroidia;Bacteroidales;Porphyromonadaceae;Parabacteroides;?
OTU_448;Bacteria;Bacteroidetes;Bacteroidia;Bacteroidales;Bacteroidaceae;Bacteroides;?
OTU_566;Bacteria;Firmicutes;Clostridia;Clostridiales;Ruminococcaceae;Flavonifractor;?
OTU_412;Bacteria;Bacteroidetes;Bacteroidia;Bacteroidales;Porphyromonadaceae;Parabacteroides;?
OTU_251;Bacteria;Firmicutes;Clostridia;Clostridiales;Ruminococcaceae;Ruminococcus;?
OTU_274;Bacteria;Firmicutes;Clostridia;Clostridiales;Ruminococcaceae;Clostridium IV;?
OTU_244;Bacteria;Bacteroidetes;Bacteroidia;Bacteroidales;Bacteroidaceae;Bacteroides;?
OTU_490;Bacteria;Bacteroidetes;Bacteroidia;Bacteroidales;Prevotellaceae;Prevotella;?
OTU_124;Bacteria;Bacteroidetes;Bacteroidia;Bacteroidales;Porphyromonadaceae;Butyricimonas;?
OTU_352;Bacteria;Firmicutes;?;?;?;?;?
OTU_102;Bacteria;Bacteroidetes;Bacteroidia;Bacteroidales;Porphyromonadaceae;Butyricimonas;?
OTU_580;Bacteria;Firmicutes;Clostridia;Clostridiales;Lachnospiraceae;Blautia;?
OTU_67;Bacteria;Firmicutes;Clostridia;Clostridiales;Lachnospiraceae;Anaerostipes;?
OTU_267;Bacteria;Proteobacteria;Alphaproteobacteria;?;?;?;?
OTU_116;Bacteria;Firmicutes;Clostridia;Clostridiales;Ruminococcaceae;Flavonifractor;?
OTU_361;Bacteria;Proteobacteria;Epsilonproteobacteria;Campylobacterales;Helicobacteraceae;Sulfurovum;?
OTU_344;Bacteria;Bacteroidetes;Bacteroidia;Bacteroidales;Porphyromonadaceae;Barnesiella;?
OTU_54;Bacteria;Proteobacteria;Deltaproteobacteria;Desulfovibrionales;?;?;?
OTU_511;Bacteria;?;?;?;?;?;?
OTU_199;Bacteria;Firmicutes;Clostridia;Clostridiales;Ruminococcaceae;?;?
OTU_21;Bacteria;Bacteroidetes;Flavobacteria;Flavobacteriales;Cryomorphaceae;?;?
OTU_545;Bacteria;Firmicutes;Negativicutes;Selenomonadales;Veillonellaceae;Megamonas;?
OTU_392;Bacteria;Firmicutes;Clostridia;Clostridiales;?;?;?
OTU_128;Bacteria;Firmicutes;Clostridia;Clostridiales;Lachnospiraceae;?;?
OTU_98;Bacteria;Bacteroidetes;?;?;?;?;?
OTU_563;Bacteria;Proteobacteria;?;?;?;?;?
OTU_449;Bacteria;?;?;?;?;?;?
OTU_256;Bacteria;?;?;?;?;?;?
OTU_441;Bacteria;Firmicutes;Clostridia;Clostridiales;Lachnospiraceae;Roseburia;?
OTU_434;Bacteria;Firmicutes;Clostridia;Clostridiales;?;?;?
OTU_372;Bacteria;Proteobacteria;Gammaproteobacteria;?;?;?;?
OTU_585;Bacteria;Firmicutes;Clostridia;Clostridiales;Ruminococcaceae;?;?
OTU_578;Bacteria;?;?;?;?;?;?
OTU_114;Bacteria;Firmicutes;Negativicutes;Selenomonadales;Veillonellaceae;Mitsuokella;?
OTU_445;Bacteria;Firmicutes;Negativicutes;Selenomonadales;Acidaminococcaceae;Phascolarctobacterium;?
OTU_243;Bacteria;Firmicutes;Clostridia;Clostridiales;Ruminococcaceae;?;?
OTU_560;Bacteria;Verrucomicrobia;Subdivision5;Subdivision5_genera_incertae_sedis;Subdivision5_genera_incertae_sedis;Subdivision5_genera_incertae_sedis;?
OTU_237;Bacteria;Bacteroidetes;Bacteroidia;Bacteroidales;Bacteroidaceae;Bacteroides;?
OTU_379;Bacteria;Bacteroidetes;Flavobacteria;Flavobacteriales;Flavobacteriaceae;?;?
OTU_246;Bacteria;Proteobacteria;Deltaproteobacteria;Desulfovibrionales;Desulfovibrionaceae;Desulfovibrio;?
OTU_499;Archaea;Euryarchaeota;?;?;?;?;?
OTU_327;Bacteria;Firmicutes;Clostridia;Clostridiales;Ruminococcaceae;Ruminococcus;?
OTU_415;Bacteria;?;?;?;?;?;?
OTU_52;Bacteria;Bacteroidetes;Bacteroidia;Bacteroidales;Bacteroidaceae;Bacteroides;?
OTU_567;Bacteria;?;?;?;?;?;?
OTU_146;Bacteria;Bacteroidetes;Bacteroidia;Bacteroidales;Bacteroidaceae;Bacteroides;?
OTU_301;Bacteria;Firmicutes;Clostridia;Clostridiales;Ruminococcaceae;Ruminococcus;?
OTU_369;Bacteria;Bacteroidetes;Bacteroidia;Bacteroidales;Prevotellaceae;?;?
OTU_509;Bacteria;Proteobacteria;Deltaproteobacteria;?;?;?;?
OTU_455;Bacteria;Proteobacteria;Gammaproteobacteria;Gammaproteobacteria_incertae_sedis;?;?;?
OTU_321;Bacteria;?;?;?;?;?;?
OTU_306;Bacteria;Firmicutes;Clostridia;Clostridiales;Lachnospiraceae;?;?
OTU_118;Bacteria;Firmicutes;Clostridia;Clostridiales;Lachnospiraceae;Dorea;?
OTU_184;Bacteria;?;?;?;?;?;?
OTU_10;Bacteria;Firmicutes;Clostridia;Clostridiales;Lachnospiraceae;?;?
OTU_142;Bacteria;Bacteroidetes;Bacteroidia;Bacteroidales;Bacteroidaceae;Bacteroides;?
OTU_383;Bacteria;Bacteroidetes;?;?;?;?;?
OTU_280;Bacteria;Bacteroidetes;Flavobacteria;Flavobacteriales;Flavobacteriaceae;?;?
OTU_429;Bacteria;Proteobacteria;Gammaproteobacteria;?;?;?;?
OTU_504;Bacteria;Firmicutes;Clostridia;Clostridiales;Lachnospiraceae;Coprococcus;?
OTU_113;Bacteria;Proteobacteria;Betaproteobacteria;Burkholderiales;Sutterellaceae;Sutterella;?
OTU_468;Bacteria;Firmicutes;Clostridia;Clostridiales;Lachnospiraceae;Anaerostipes;?
OTU_310;Bacteria;Bacteroidetes;Bacteroidia;Bacteroidales;Bacteroidaceae;Bacteroides;?
OTU_564;Bacteria;Firmicutes;Clostridia;Clostridiales;Lachnospiraceae;?;?
OTU_374;Bacteria;Bacteroidetes;Bacteroidia;Bacteroidales;?;?;?
OTU_343;Bacteria;Firmicutes;?;?;?;?;?
OTU_270;Bacteria;Bacteroidetes;Bacteroidia;Bacteroidales;Porphyromonadaceae;Butyricimonas;?
OTU_326;Bacteria;Proteobacteria;Deltaproteobacteria;Desulfovibrionales;Desulfovibrionaceae;Bilophila;?
OTU_456;Bacteria;Bacteroidetes;?;?;?;?;?
OTU_307;Bacteria;Bacteroidetes;Sphingobacteria;Sphingobacteriales;Flammeovirgaceae;?;?
OTU_510;Bacteria;Proteobacteria;Gammaproteobacteria;?;?;?;?
OTU_322;Bacteria;Firmicutes;Erysipelotrichia;Erysipelotrichales;Erysipelotrichaceae;?;?
OTU_476;Bacteria;Firmicutes;Clostridia;Clostridiales;?;?;?
OTU_32;Bacteria;?;?;?;?;?;?
OTU_317;Bacteria;Firmicutes;Clostridia;Clostridiales;Lachnospiraceae;Blautia;?
OTU_109;Bacteria;Proteobacteria;Deltaproteobacteria;?;?;?;?
OTU_328;Bacteria;Firmicutes;Clostridia;Clostridiales;Lachnospiraceae;Coprococcus;?
OTU_219;Bacteria;Firmicutes;Clostridia;Clostridiales;Lachnospiraceae;Coprococcus;?
OTU_380;Bacteria;Proteobacteria;?;?;?;?;?
OTU_197;Bacteria;Proteobacteria;Deltaproteobacteria;Desulfobacterales;Desulfobulbaceae;?;?
OTU_483;Bacteria;?;?;?;?;?;?
OTU_103;Bacteria;Bacteroidetes;Bacteroidia;Bacteroidales;Porphyromonadaceae;Parabacteroides;?
OTU_571;Bacteria;?;?;?;?;?;?
OTU_71;Bacteria;Bacteroidetes;Bacteroidia;Bacteroidales;Bacteroidaceae;Bacteroides;?
OTU_349;Bacteria;Firmicutes;Clostridia;Clostridiales;Lachnospiraceae;?;?
OTU_420;Bacteria;Bacteroidetes;Bacteroidia;Bacteroidales;Bacteroidaceae;Bacteroides;?
OTU_551;Bacteria;Bacteroidetes;Bacteroidia;Bacteroidales;Bacteroidaceae;Bacteroides;?
OTU_218;Bacteria;Bacteroidetes;Bacteroidia;Bacteroidales;Bacteroidaceae;Bacteroides;?
OTU_501;Bacteria;Firmicutes;Clostridia;Clostridiales;Lachnospiraceae;Clostridium XlVb;?
OTU_57;Bacteria;?;?;?;?;?;?
OTU_139;Bacteria;Firmicutes;Clostridia;Clostridiales;Ruminococcaceae;?;?
OTU_58;Bacteria;Firmicutes;Clostridia;Clostridiales;Lachnospiraceae;Blautia;?
OTU_125;Bacteria;Firmicutes;Clostridia;Clostridiales;Lachnospiraceae;Clostridium XlVa;?
OTU_401;Bacteria;Firmicutes;Clostridia;Clostridiales;Lachnospiraceae;?;?
OTU_345;Bacteria;Bacteroidetes;Bacteroidia;Bacteroidales;Rikenellaceae;Alistipes;?
OTU_386;Bacteria;Actinobacteria;Actinobacteria;Coriobacteriales;Coriobacteriaceae;Collinsella;?
OTU_462;Bacteria;Firmicutes;Clostridia;Clostridiales;Clostridiaceae 1;?;?
OTU_518;Bacteria;Actinobacteria;Actinobacteria;Actinomycetales;Geodermatophilaceae;Geodermatophilus;?
OTU_235;Bacteria;?;?;?;?;?;?
OTU_29;Bacteria;Firmicutes;Clostridia;Clostridiales;Lachnospiraceae;Roseburia;?
OTU_229;Bacteria;Fusobacteria;Fusobacteria;Fusobacteriales;Fusobacteriaceae;Psychrilyobacter;?
OTU_287;Bacteria;Firmicutes;Clostridia;Clostridiales;Lachnospiraceae;Blautia;?
OTU_332;Bacteria;Firmicutes;Clostridia;Clostridiales;Lachnospiraceae;Blautia;?
OTU_481;Bacteria;Firmicutes;Clostridia;Clostridiales;Lachnospiraceae;?;?
OTU_547;Bacteria;Firmicutes;Clostridia;Clostridiales;Clostridiales_Incertae Sedis XIII;Mogibacterium;?
OTU_104;Bacteria;Bacteroidetes;Bacteroidia;Bacteroidales;Prevotellaceae;Prevotella;?
OTU_493;Bacteria;Bacteroidetes;Bacteroidia;Bacteroidales;Porphyromonadaceae;Butyricimonas;?
OTU_14;Bacteria;Bacteroidetes;Bacteroidia;Bacteroidales;Porphyromonadaceae;Barnesiella;?
OTU_523;Bacteria;Firmicutes;Clostridia;Clostridiales;Ruminococcaceae;Butyricicoccus;?
OTU_572;Bacteria;Firmicutes;Clostridia;Clostridiales;Ruminococcaceae;?;?
OTU_290;Bacteria;?;?;?;?;?;?
OTU_470;Bacteria;Bacteroidetes;?;?;?;?;?
OTU_442;Bacteria;Firmicutes;Negativicutes;Selenomonadales;Veillonellaceae;Megasphaera;?
OTU_65;Bacteria;?;?;?;?;?;?
OTU_521;Bacteria;Bacteroidetes;Bacteroidia;Bacteroidales;Bacteroidaceae;Bacteroides;?
OTU_137;Bacteria;Firmicutes;Clostridia;Clostridiales;Ruminococcaceae;?;?
OTU_446;Bacteria;Bacteroidetes;Bacteroidia;Bacteroidales;Porphyromonadaceae;Parabacteroides;?
OTU_291;Bacteria;Firmicutes;Clostridia;Clostridiales;Ruminococcaceae;?;?
OTU_85;Bacteria;Bacteroidetes;Bacteroidia;Bacteroidales;Rikenellaceae;Alistipes;?
OTU_261;Bacteria;Firmicutes;Clostridia;Clostridiales;Lachnospiraceae;Howardella;?
OTU_502;Bacteria;?;?;?;?;?;?
OTU_562;Bacteria;Bacteroidetes;Bacteroidia;Bacteroidales;Prevotellaceae;Prevotella;?
OTU_242;Bacteria;Bacteroidetes;?;?;?;?;?
OTU_421;Bacteria;Firmicutes;Clostridia;Clostridiales;?;?;?
OTU_444;Bacteria;?;?;?;?;?;?
OTU_9;Bacteria;Firmicutes;Clostridia;Clostridiales;Lachnospiraceae;?;?
OTU_44;Bacteria;Firmicutes;Negativicutes;Selenomonadales;Acidaminococcaceae;Phascolarctobacterium;?
OTU_478;Bacteria;Firmicutes;Clostridia;Clostridiales;?;?;?
OTU_260;Bacteria;Bacteroidetes;Flavobacteria;Flavobacteriales;Flavobacteriaceae;?;?
OTU_106;Bacteria;Firmicutes;Clostridia;Clostridiales;Lachnospiraceae;?;?
OTU_385;Bacteria;Firmicutes;Clostridia;Clostridiales;Lachnospiraceae;Lachnospiracea_incertae_sedis;?
OTU_35;Bacteria;Bacteroidetes;Bacteroidia;Bacteroidales;?;?;?
OTU_359;Bacteria;Firmicutes;Clostridia;Clostridiales;Ruminococcaceae;Oscillibacter;?
OTU_335;Bacteria;Firmicutes;Clostridia;Clostridiales;?;?;?
OTU_56;Bacteria;Firmicutes;Clostridia;Clostridiales;Lachnospiraceae;Roseburia;?
OTU_266;Bacteria;Firmicutes;Clostridia;Clostridiales;?;?;?
OTU_586;Bacteria;Firmicutes;Clostridia;Clostridiales;Lachnospiraceae;Lachnospiracea_incertae_sedis;?
OTU_338;Bacteria;Actinobacteria;Actinobacteria;Actinomycetales;?;?;?
OTU_357;Bacteria;Firmicutes;Clostridia;Clostridiales;Ruminococcaceae;?;?
OTU_339;Bacteria;Firmicutes;Clostridia;Clostridiales;Ruminococcaceae;?;?
OTU_159;Bacteria;Firmicutes;Clostridia;Clostridiales;Lachnospiraceae;Clostridium XlVa;?
OTU_48;Bacteria;Bacteroidetes;Bacteroidia;Bacteroidales;Bacteroidaceae;Bacteroides;?
OTU_27;Bacteria;Firmicutes;Clostridia;Clostridiales;Lachnospiraceae;?;?
OTU_443;Bacteria;Firmicutes;Clostridia;Clostridiales;Clostridiales_Incertae Sedis XIII;Mogibacterium;?
OTU_487;Bacteria;Firmicutes;Clostridia;Clostridiales;Lachnospiraceae;?;?
OTU_234;Bacteria;Bacteroidetes;Bacteroidia;Bacteroidales;Bacteroidaceae;Bacteroides;?
OTU_169;Bacteria;Bacteroidetes;Bacteroidia;Bacteroidales;Porphyromonadaceae;Butyricimonas;?
OTU_188;Bacteria;Firmicutes;Clostridia;Clostridiales;Ruminococcaceae;?;?
OTU_450;Bacteria;Firmicutes;Bacilli;Lactobacillales;Streptococcaceae;Lactococcus;?
OTU_438;Bacteria;Firmicutes;Clostridia;Clostridiales;Ruminococcaceae;?;?
OTU_248;Bacteria;?;?;?;?;?;?
OTU_76;Bacteria;Firmicutes;Clostridia;Clostridiales;Lachnospiraceae;Howardella;?
OTU_555;Bacteria;Firmicutes;Clostridia;Clostridiales;?;?;?
OTU_202;Bacteria;Firmicutes;Clostridia;Clostridiales;Lachnospiraceae;?;?
OTU_308;Bacteria;Firmicutes;Clostridia;Clostridiales;Lachnospiraceae;Roseburia;?
OTU_452;Archaea;?;?;?;?;?;?
OTU_176;Bacteria;Proteobacteria;Gammaproteobacteria;?;?;?;?
OTU_152;Bacteria;Proteobacteria;?;?;?;?;?
OTU_544;Bacteria;Firmicutes;Clostridia;Clostridiales;Ruminococcaceae;Oscillibacter;?
OTU_548;Bacteria;Firmicutes;Clostridia;Clostridiales;Ruminococcaceae;Faecalibacterium;?
OTU_161;Bacteria;Firmicutes;Erysipelotrichia;Erysipelotrichales;Erysipelotrichaceae;?;?
OTU_37;Bacteria;Bacteroidetes;Bacteroidia;Bacteroidales;Prevotellaceae;Prevotella;?
OTU_410;Bacteria;Bacteroidetes;Bacteroidia;Bacteroidales;Porphyromonadaceae;Porphyromonas;?
OTU_457;Bacteria;Bacteroidetes;Bacteroidia;Bacteroidales;Prevotellaceae;Prevotella;?
OTU_342;Bacteria;Bacteroidetes;Bacteroidia;Bacteroidales;Prevotellaceae;Paraprevotella;?
OTU_333;Bacteria;Bacteroidetes;Bacteroidia;Bacteroidales;Prevotellaceae;Prevotella;?
OTU_123;Bacteria;?;?;?;?;?;?
OTU_49;Bacteria;?;?;?;?;?;?
OTU_297;Bacteria;Bacteroidetes;Bacteroidia;Bacteroidales;?;?;?
OTU_336;Bacteria;Bacteroidetes;Bacteroidia;Bacteroidales;Bacteroidaceae;Bacteroides;?
OTU_148;Bacteria;Proteobacteria;Gammaproteobacteria;Gammaproteobacteria_incertae_sedis;Sedimenticola;Sedimenticola;?
OTU_122;Bacteria;Bacteroidetes;Bacteroidia;Bacteroidales;Porphyromonadaceae;Barnesiella;?
OTU_435;Bacteria;Proteobacteria;Gammaproteobacteria;?;?;?;?
OTU_459;Bacteria;Firmicutes;Clostridia;Clostridiales;Ruminococcaceae;Faecalibacterium;?
OTU_177;Bacteria;Firmicutes;Clostridia;Clostridiales;Lachnospiraceae;?;?
OTU_99;Bacteria;Bacteroidetes;Bacteroidia;Bacteroidales;Bacteroidaceae;Bacteroides;?
OTU_4;Bacteria;Firmicutes;Clostridia;Clostridiales;Lachnospiraceae;Dorea;?
OTU_75;Bacteria;Firmicutes;Clostridia;Clostridiales;Lachnospiraceae;Anaerostipes;?
OTU_315;Bacteria;Firmicutes;Clostridia;Clostridiales;Ruminococcaceae;Flavonifractor;?
OTU_79;Bacteria;Proteobacteria;?;?;?;?;?
OTU_295;Bacteria;Bacteroidetes;Bacteroidia;Bacteroidales;?;?;?
OTU_72;Bacteria;Bacteroidetes;Bacteroidia;Bacteroidales;Bacteroidaceae;Bacteroides;?
OTU_557;Bacteria;Firmicutes;Clostridia;Clostridiales;Lachnospiraceae;Clostridium XlVb;?
OTU_13;Bacteria;Firmicutes;?;?;?;?;?
OTU_285;Bacteria;Firmicutes;Clostridia;Clostridiales;Lachnospiraceae;?;?
OTU_584;Bacteria;Firmicutes;Clostridia;Clostridiales;Ruminococcaceae;Butyricicoccus;?
OTU_377;Bacteria;Bacteroidetes;Flavobacteria;Flavobacteriales;Cryomorphaceae;?;?
OTU_215;Bacteria;Firmicutes;Clostridia;Clostridiales;Ruminococcaceae;?;?
OTU_195;Bacteria;Firmicutes;Clostridia;Clostridiales;Lachnospiraceae;?;?
OTU_43;Bacteria;Bacteroidetes;Bacteroidia;Bacteroidales;Bacteroidaceae;Bacteroides;?
OTU_527;Bacteria;Firmicutes;Clostridia;Clostridiales;Lachnospiraceae;Dorea;?
OTU_63;Bacteria;Firmicutes;Clostridia;Clostridiales;Ruminococcaceae;Flavonifractor;?
OTU_529;Bacteria;Bacteroidetes;Bacteroidia;Bacteroidales;Prevotellaceae;Prevotella;?
OTU_158;Bacteria;Bacteroidetes;Bacteroidia;Bacteroidales;Bacteroidaceae;Bacteroides;?
OTU_179;Bacteria;Bacteroidetes;Bacteroidia;Bacteroidales;Bacteroidaceae;Bacteroides;?
OTU_298;Bacteria;Firmicutes;Erysipelotrichia;Erysipelotrichales;Erysipelotrichaceae;Turicibacter;?
OTU_281;Bacteria;Firmicutes;?;?;?;?;?
OTU_154;Bacteria;?;?;?;?;?;?
OTU_112;Bacteria;?;?;?;?;?;?
OTU_7;Bacteria;Bacteroidetes;?;?;?;?;?
OTU_259;Bacteria;Firmicutes;Bacilli;Lactobacillales;Lactobacillaceae;Lactobacillus;?
OTU_539;Bacteria;Proteobacteria;?;?;?;?;?
OTU_249;Bacteria;Bacteroidetes;?;?;?;?;?
OTU_20;Bacteria;Bacteroidetes;Bacteroidia;Bacteroidales;Bacteroidaceae;Bacteroides;?
OTU_155;Bacteria;Bacteroidetes;Bacteroidia;Bacteroidales;Porphyromonadaceae;Barnesiella;?
OTU_389;Bacteria;Firmicutes;Clostridia;Clostridiales;Lachnospiraceae;?;?
OTU_262;Bacteria;Firmicutes;Clostridia;Clostridiales;Lachnospiraceae;?;?
OTU_286;Bacteria;Firmicutes;Clostridia;Clostridiales;Clostridiaceae 1;?;?
OTU_329;Bacteria;Firmicutes;Clostridia;Clostridiales;Lachnospiraceae;Blautia;?
OTU_92;Bacteria;Bacteroidetes;Bacteroidia;Bacteroidales;Rikenellaceae;Alistipes;?
OTU_18;Bacteria;Firmicutes;Clostridia;Clostridiales;Lachnospiraceae;Blautia;?
OTU_495;Bacteria;Bacteroidetes;Bacteroidia;Bacteroidales;Bacteroidaceae;Bacteroides;?
OTU_400;Bacteria;Firmicutes;Clostridia;Clostridiales;?;?;?
OTU_347;Bacteria;Firmicutes;Bacilli;Lactobacillales;Aerococcaceae;Abiotrophia;?
OTU_252;Bacteria;Proteobacteria;Betaproteobacteria;Burkholderiales;Sutterellaceae;Parasutterella;?
OTU_348;Bacteria;Firmicutes;Clostridia;Clostridiales;Lachnospiraceae;Anaerostipes;?
OTU_318;Bacteria;Firmicutes;Clostridia;?;?;?;?
OTU_399;Bacteria;?;?;?;?;?;?
OTU_559;Bacteria;Firmicutes;Clostridia;Clostridiales;Ruminococcaceae;Faecalibacterium;?
OTU_461;Bacteria;Firmicutes;Clostridia;Clostridiales;Ruminococcaceae;?;?
OTU_394;Bacteria;Bacteroidetes;Bacteroidia;Bacteroidales;Prevotellaceae;?;?
OTU_250;Bacteria;Firmicutes;Clostridia;Clostridiales;?;?;?
OTU_540;Bacteria;Bacteroidetes;Bacteroidia;Bacteroidales;Bacteroidaceae;Bacteroides;?
OTU_193;Bacteria;Bacteroidetes;Bacteroidia;Bacteroidales;Bacteroidaceae;Bacteroides;?
OTU_94;Bacteria;Bacteroidetes;Bacteroidia;Bacteroidales;Bacteroidaceae;Bacteroides;?
OTU_427;Bacteria;Firmicutes;Clostridia;Clostridiales;Eubacteriaceae;Anaerofustis;?
OTU_488;Bacteria;Firmicutes;Clostridia;Clostridiales;Ruminococcaceae;Faecalibacterium;?
OTU_42;Bacteria;Firmicutes;Clostridia;Clostridiales;Ruminococcaceae;Faecalibacterium;?
OTU_166;Bacteria;Proteobacteria;Gammaproteobacteria;?;?;?;?
